000Room,000Seat
210,A01
210,A02
210,A03
210,A04
210,A05
210,A06
210,A07
210,A08
210,A09
210,A10
210,A11
210,A12
210,A13
210,A14
210,A15
210,A16
210,A17
210,A18
210,A19
210,A20
210,A21
211,A01
211,A02
211,A03
211,A04
211,A05
211,A06
211,A07
211,A08
211,A09
211,A10
211,A11
211,A12
211,A13
211,A14
211,A15
211,A16
211,A17
211,A18
211,A19
211,A20
211,A21
309,A01
309,A02
309,A03
309,A04
309,A05
309,A06
309,A07
309,A08
309,A09
309,A10
309,A11
309,A12
309,A13
309,A14
309,A15
309,A16
309,A17
309,A18
309,A19
309,A20
309,A21
310,A01
310,A02
310,A03
310,A04
310,A05
310,A06
310,A07
310,A08
310,A09
310,A10
310,A11
310,A12
310,A13
310,A14
310,A15
310,A16
310,A17
310,A18
310,A19
310,A20
310,A21
311,A01
311,A02
311,A03
311,A04
311,A05
311,A06
311,A07
311,A08
311,A09
311,A10
311,A11
311,A12
311,A13
311,A14
311,A15
311,A16
311,A17
311,A18
311,A19
311,A20
311,A21
312,A01
312,A02
312,A03
312,A04
312,A05
312,A06
312,A07
312,A08
312,A09
312,A10
312,A11
312,A12
312,A13
312,A14
312,A15
312,A16
312,A17
312,A18
312,A19
312,A20
312,A21
314,A01
314,A02
314,A03
314,A04
314,A05
314,A06
314,A07
314,A08
314,A09
314,A10
314,A11
314,A12
314,A13
314,A14
314,A15
314,A16
314,A17
314,A18
314,A19
314,A20
314,A21
315,A01
315,A02
315,A03
315,A04
315,A05
315,A06
315,A07
315,A08
315,A09
315,A10
315,A11
315,A12
315,A13
315,A14
315,A15
315,A16
315,A17
315,A18
315,A19
315,A20
315,A21
201,A01
201,A02
201,A03
201,A04
201,A05
201,A06
201,A07
201,A08
201,A09
201,A10
201,A11
201,A12
201,A13
201,A14
201,A15
201,A16
201,A17
201,A18
201,A19
201,A20
409,A01
409,A02
409,A03
409,A04
409,A05
409,A06
409,A07
409,A08
409,A09
409,A10
409,A11
409,A12
409,A13
409,A14
409,A15
409,A16
409,A17
409,A18
409,A19
409,A20
409,A21
410,A01
410,A02
410,A03
410,A04
410,A05
410,A06
410,A07
410,A08
410,A09
410,A10
410,A11
410,A12
410,A13
410,A14
410,A15
410,A16
410,A17
410,A18
410,A19
410,A20
301,A01
301,A02
301,A03
301,A04
301,A05
301,A06
301,A07
301,A08
301,A09
301,A10
301,A11
301,A12
301,A13
301,A14
301,A15
301,A16
301,A17
301,A18
301,A19
301,A20
401,A01
401,A02
401,A03
401,A04
401,A05
401,A06
401,A07
401,A08
401,A09
401,A10
401,A11
210,B01
210,B02
210,B03
210,B04
210,B05
210,B06
210,B07
210,B08
210,B09
210,B10
210,B11
210,B12
210,B13
210,B14
210,B15
210,B16
210,B17
210,B18
210,B19
210,B20
210,B21
211,B01
211,B02
211,B03
211,B04
211,B05
211,B06
211,B07
211,B08
211,B09
211,B10
211,B11
211,B12
211,B13
211,B14
211,B15
211,B16
211,B17
211,B18
211,B19
211,B20
211,B21
309,B01
309,B02
309,B03
309,B04
309,B05
309,B06
309,B07
309,B08
309,B09
309,B10
309,B11
309,B12
309,B13
309,B14
309,B15
309,B16
309,B17
309,B18
309,B19
309,B20
309,B21
310,B01
310,B02
310,B03
310,B04
310,B05
310,B06
310,B07
310,B08
310,B09
310,B10
310,B11
310,B12
310,B13
310,B14
310,B15
310,B16
310,B17
310,B18
310,B19
310,B20
310,B21
311,B01
311,B02
311,B03
311,B04
311,B05
311,B06
311,B07
311,B08
311,B09
311,B10
311,B11
311,B12
311,B13
311,B14
311,B15
311,B16
311,B17
311,B18
311,B19
311,B20
311,B21
312,B01
312,B02
312,B03
312,B04
312,B05
312,B06
312,B07
312,B08
312,B09
312,B10
312,B11
312,B12
312,B13
312,B14
312,B15
312,B16
312,B17
312,B18
312,B19
312,B20
312,B21
312,B22
314,B01
314,B02
314,B03
314,B04
314,B05
314,B06
314,B07
314,B08
314,B09
314,B10
314,B11
314,B12
314,B13
314,B14
314,B15
314,B16
314,B17
314,B18
314,B19
314,B20
314,B21
315,B01
315,B02
315,B03
315,B04
315,B05
315,B06
315,B07
315,B08
315,B09
315,B10
315,B11
315,B12
315,B13
315,B14
315,B15
315,B16
315,B17
315,B18
315,B19
315,B20
315,B21
201,B01
201,B02
201,B03
201,B04
201,B05
201,B06
201,B07
201,B08
201,B09
201,B10
201,B11
201,B12
201,B13
201,B14
201,B15
201,B16
201,B17
201,B18
201,B19
201,B20
201,B21
409,B01
409,B02
409,B03
409,B04
409,B05
409,B06
409,B07
409,B08
409,B09
409,B10
409,B11
409,B12
409,B13
409,B14
409,B15
409,B16
409,B17
409,B18
409,B19
409,B20
409,B21
410,B01
410,B02
410,B03
410,B04
410,B05
410,B06
410,B07
410,B08
410,B09
410,B10
410,B11
410,B12
410,B13
410,B14
410,B15
410,B16
410,B17
410,B18
410,B19
410,B20
301,B01
301,B02
301,B03
301,B04
301,B05
301,B06
301,B07
301,B08
301,B09
301,B10
301,B11
301,B12
301,B13
301,B14
301,B15
301,B16
301,B17
301,B18
301,B19
301,B20
401,B01
401,B02
401,B03
401,B04
401,B05
401,B06
401,B07
401,B08
401,B09
401,B10
